Price,Adj Close,Adj Close,Adj Close,Adj Close,Close,Close,Close,Close,High,High,High,High,Low,Low,Low,Low,Open,Open,Open,Open,Volume,Volume,Volume,Volume
Ticker,AAPL,AMZN,GOOG,MSFT,AAPL,AMZN,GOOG,MSFT,AAPL,AMZN,GOOG,MSFT,AAPL,AMZN,GOOG,MSFT,AAPL,AMZN,GOOG,MSFT,AAPL,AMZN,GOOG,MSFT
Date,,,,,,,,,,,,,,,,,,,,,,,,
2024-03-28,171.04974365234375,180.3800048828125,151.88699340820312,419.2069091796875,171.47999572753906,180.3800048828125,152.25999450683594,420.7200012207031,172.22999572753906,181.6999969482422,152.6699981689453,421.8699951171875,170.50999450683594,179.25999450683594,151.3300018310547,419.1199951171875,171.75,180.1699981689453,152.0,420.9599914550781,65672700,38051600,21105600,21871200
2024-04-01,169.60337829589844,180.97000122070312,156.11660766601562,423.0430908203125,170.02999877929688,180.97000122070312,156.5,424.57000732421875,171.25,183.0,157.0,427.8900146484375,169.47999572753906,179.9499969482422,151.64999389648438,422.2200012207031,171.19000244140625,180.7899932861328,151.8300018310547,423.95001220703125,46240500,29174500,24469800,16316000
2024-04-02,168.41635131835938,180.69000244140625,155.48814392089844,419.9243469238281,168.83999633789062,180.69000244140625,155.8699951171875,421.44000244140625,169.33999633789062,180.7899932861328,155.99000549316406,422.3800048828125,168.22999572753906,178.3800048828125,153.4600067138672,417.8399963378906,169.0800018310547,179.07000732421875,154.75,420.1099853515625,49329500,32611500,17598100,17912000
2024-04-03,169.2243194580078,182.41000366210938,155.98692321777344,418.9378967285156,169.64999389648438,182.41000366210938,156.3699951171875,420.45001220703125,170.67999267578125,182.8699951171875,156.5500030517578,423.260009765625,168.5800018310547,179.8000030517578,154.1320037841797,419.0899963378906,168.7899932861328,179.89999389648438,154.9199981689453,419.7300109863281,47691700,31046600,17266200,16502300
2024-04-04,168.39642333984375,180.0,151.56777954101562,416.37713623046875,168.82000732421875,180.0,151.94000244140625,417.8800048828125,171.9199981689453,185.10000610351562,156.17999267578125,428.6700134277344,168.82000732421875,180.0,151.8800048828125,417.57000732421875,170.2899932861328,184.0,155.0800018310547,424.989990234375,53704400,41624300,24184800,19370900
2024-04-05,169.1544952392578,185.07000732421875,153.56288146972656,423.9896545410156,169.5800018310547,185.07000732421875,153.94000244140625,425.5199890136719,170.38999938964844,186.27000427246094,154.83999633789062,426.510009765625,168.9499969482422,181.97000122070312,151.08099365234375,418.32000732421875,169.58999633789062,182.3800048828125,151.67999267578125,420.010009765625,42055200,42335200,16289800,16544300
2024-04-08,168.02734375,185.19000244140625,155.7574920654297,423.06298828125,168.4499969482422,185.19000244140625,156.13999938964844,424.5899963378906,169.1999969482422,187.2899932861328,156.65499877929688,427.2799987792969,168.24000549316406,184.80999755859375,153.99000549316406,423.29998779296875,169.02999877929688,186.89999389648438,154.01499938964844,425.1700134277344,37425500,39221300,16641500,14272400
2024-04-09,169.24427795410156,185.6699981689453,157.75259399414062,424.7469177246094,169.6699981689453,185.6699981689453,158.13999938964844,426.2799987792969,170.0800018310547,187.33999633789062,159.88999938964844,427.739990234375,168.35000610351562,184.1999969482422,156.63999938964844,421.6199951171875,168.6999969482422,187.24000549316406,157.35000610351562,426.44000244140625,42451200,36546900,21538100,12512300
2024-04-10,167.35902404785156,185.9499969482422,157.27377319335938,421.73779296875,167.77999877929688,185.9499969482422,157.66000366210938,423.260009765625,169.08999633789062,186.27000427246094,158.16000366210938,424.0299987792969,167.11000061035156,182.6699981689453,156.1999969482422,419.70001220703125,168.8000030517578,182.77000427246094,157.8800048828125,422.19000244140625,49709300,35879200,16339200,16216600
2024-04-11,174.60079956054688,189.0500030517578,160.39608764648438,426.3909912109375,175.0399932861328,189.0500030517578,160.7899932861328,427.92999267578125,175.4600067138672,189.77000427246094,161.1199951171875,429.3699951171875,168.16000366210938,185.50999450683594,157.92999267578125,422.3599853515625,168.33999633789062,186.74000549316406,158.33999633789062,425.82000732421875,91070300,40020700,17841700,17966400
2024-04-12,176.10702514648438,186.1300048828125,158.80001831054688,420.3826904296875,176.5500030517578,186.1300048828125,159.19000244140625,421.8999938964844,178.36000061035156,188.3800048828125,161.6999969482422,425.17999267578125,174.2100067138672,185.0800018310547,158.60000610351562,419.7699890136719,174.25999450683594,187.72000122070312,159.40499877929688,424.04998779296875,101593300,38554300,16968200,19232100
2024-04-15,172.25669860839844,183.6199951171875,155.94703674316406,412.15240478515625,172.69000244140625,183.6199951171875,156.3300018310547,413.6400146484375,176.6300048828125,188.69000244140625,160.8300018310547,426.82000732421875,172.5,183.0,156.14999389648438,413.42999267578125,175.36000061035156,187.42999267578125,160.27999877929688,426.6000061035156,73531800,48052400,21140900,20273500
2024-04-16,168.95501708984375,183.32000732421875,155.61782836914062,413.0889892578125,169.3800048828125,183.32000732421875,156.0,414.5799865722656,173.75999450683594,184.8300018310547,157.22999572753906,418.3999938964844,168.27000427246094,182.25999450683594,155.0500030517578,413.7300109863281,171.75,183.27000427246094,155.63999938964844,414.57000732421875,73711200,32891300,15413200,16765600
2024-04-17,167.57847595214844,181.27999877929688,156.4956817626953,410.3588562011719,168.0,181.27999877929688,156.8800048828125,411.8399963378906,170.64999389648438,184.57000732421875,158.68099975585938,418.8800048828125,168.0,179.82000732421875,156.13499450683594,410.3299865722656,169.61000061035156,184.30999755859375,157.19000244140625,417.25,50901200,31359700,16237800,15855500
2024-04-18,166.62088012695312,179.22000122070312,157.07424926757812,402.8160705566406,167.0399932861328,179.22000122070312,157.4600067138672,404.2699890136719,168.63999938964844,182.38999938964844,158.48500061035156,411.8900146484375,166.5500030517578,178.64999389648438,156.2100067138672,403.95001220703125,168.02999877929688,181.47000122070312,156.9250030517578,410.6300048828125,43122900,30723800,14016100,21029900
2024-04-19,164.58599853515625,174.6300048828125,155.33851623535156,397.6846008300781,165.0,174.6300048828125,155.72000122070312,399.1199951171875,166.39999389648438,179.0,157.99000549316406,405.4800109863281,164.0800018310547,173.44000244140625,153.91000366210938,397.7699890136719,166.2100067138672,178.74000549316406,157.75,404.0299987792969,67772100,55950000,20063900,30276500
2024-04-22,165.4238739013672,177.22999572753906,157.56304931640625,399.5179748535156,165.83999633789062,177.22999572753906,157.9499969482422,400.9599914550781,167.25999450683594,178.8699951171875,159.18499755859375,402.8500061035156,164.77000427246094,174.55999755859375,155.66000366210938,395.75,165.52000427246094,176.94000244140625,156.00999450683594,400.0799865722656,48116400,37924900,17243900,20286900
2024-04-23,166.48121643066406,179.5399932861328,159.52822875976562,406.1042175292969,166.89999389648438,179.5399932861328,159.9199981689453,407.57000732421875,167.0500030517578,179.92999267578125,160.47999572753906,408.20001220703125,164.9199981689453,175.97999572753906,157.96499633789062,403.05999755859375,165.35000610351562,178.0800018310547,158.58999633789062,404.239990234375,49537800,37046500,16115400,15734500
2024-04-24,168.59591674804688,176.58999633789062,160.70533752441406,407.5888366699219,169.02000427246094,176.58999633789062,161.10000610351562,409.05999755859375,169.3000030517578,180.32000732421875,161.38999938964844,412.4700012207031,166.2100067138672,176.17999267578125,158.82000732421875,406.7799987792969,166.5399932861328,179.94000244140625,159.08999633789062,409.55999755859375,48251800,34185100,19485700,15065300
2024-04-25,169.46372985839844,173.6699981689453,157.56304931640625,397.6048889160156,169.88999938964844,173.6699981689453,157.9499969482422,399.0400085449219,170.61000061035156,173.9199981689453,158.27999877929688,399.8900146484375,168.14999389648438,166.32000732421875,152.76800537109375,388.0299987792969,169.52999877929688,169.67999267578125,153.36000061035156,394.0299987792969,50558300,49249400,36197800,40586500
2024-04-26,168.87521362304688,179.6199951171875,173.26449584960938,404.8587341308594,169.3000030517578,179.6199951171875,173.69000244140625,406.32000732421875,171.33999633789062,180.82000732421875,176.4199981689453,413.0,169.17999267578125,176.1300048828125,171.39999389648438,405.760009765625,169.8800048828125,177.8000030517578,175.99000549316406,412.1700134277344,44838400,43919800,56500800,29694700
2024-04-29,173.06466674804688,180.9600067138672,167.48867797851562,400.8033447265625,173.5,180.9600067138672,167.89999389648438,402.25,176.02999877929688,183.52999877929688,171.3800048828125,406.32000732421875,173.10000610351562,179.38999938964844,167.05999755859375,399.19000244140625,173.3699951171875,182.75,170.77000427246094,405.25,68169400,54063900,35914600,19582100
2024-04-30,169.9026336669922,175.0,164.23666381835938,387.9297790527344,170.3300018310547,175.0,164.63999938964844,389.3299865722656,174.99000549316406,182.99000549316406,169.8699951171875,402.1600036621094,170.0,174.8000030517578,164.5,389.1700134277344,173.3300018310547,181.08999633789062,167.3800048828125,401.489990234375,65934800,94639800,29420800,28781400
2024-05-01,168.87521362304688,179.0,165.1643829345703,393.5196228027344,169.3000030517578,179.0,165.57000732421875,394.94000244140625,172.7100067138672,185.14999389648438,168.80999755859375,401.7200012207031,169.11000061035156,176.55999755859375,164.89999389648438,390.30999755859375,169.5800018310547,181.63999938964844,166.17999267578125,392.6099853515625,50383100,94645100,25223200,23562500
2024-05-02,172.59584045410156,184.72000122070312,168.0473175048828,396.4092102050781,173.02999877929688,184.72000122070312,168.4600067138672,397.8399963378906,173.4199981689453,185.10000610351562,168.52999877929688,399.92999267578125,170.88999938964844,179.91000366210938,165.69000244140625,394.6499938964844,172.50999450683594,180.85000610351562,166.6699981689453,397.6600036621094,94214900,54303500,17041100,17709400
2024-05-03,182.9198760986328,186.2100067138672,168.57601928710938,405.1974792480469,183.3800048828125,186.2100067138672,168.99000549316406,406.6600036621094,187.0,187.8699951171875,169.85000610351562,407.1499938964844,182.66000366210938,185.4199981689453,164.97999572753906,401.8599853515625,186.64999389648438,186.99000549316406,169.5399932861328,402.2799987792969,163224100,39172000,22767100,17446700
2024-05-06,181.25408935546875,188.6999969482422,169.41395568847656,412.0527648925781,181.7100067138672,188.6999969482422,169.8300018310547,413.5400085449219,184.1999969482422,188.75,169.89999389648438,413.92999267578125,180.4199981689453,184.8000030517578,167.88999938964844,406.3699951171875,182.35000610351562,186.27999877929688,169.22000122070312,408.760009765625,78569700,34725300,15147900,16996600
2024-05-07,181.94232177734375,188.75999450683594,172.5562286376953,407.86785888671875,182.39999389648438,188.75999450683594,172.97999572753906,409.3399963378906,184.89999389648438,189.94000244140625,173.47000122070312,414.6700134277344,181.32000732421875,187.30999755859375,170.0,409.0899963378906,183.4499969482422,188.9199981689453,170.1199951171875,414.6600036621094,77305800,34048900,21102400,20018200
2024-05-08,182.281494140625,188.0,170.74069213867188,409.06353759765625,182.74000549316406,188.0,171.16000366210938,410.5400085449219,183.07000732421875,188.42999267578125,171.90899658203125,412.2300109863281,181.4499969482422,186.38999938964844,170.52200317382812,406.7099914550781,182.85000610351562,187.44000244140625,170.75,408.1700134277344,45057100,26136400,14569900,11792300
2024-05-09,184.10690307617188,189.5,171.15966796875,410.8371276855469,184.57000732421875,189.5,171.5800018310547,412.32000732421875,184.66000366210938,191.6999969482422,172.44000244140625,412.7200012207031,182.11000061035156,187.44000244140625,169.92999267578125,409.1000061035156,182.55999755859375,188.8800048828125,171.14999389648438,410.57000732421875,48983000,43368400,11937700,14689700
2024-05-10,182.83836364746094,187.47999572753906,169.87281799316406,413.2484130859375,183.0500030517578,187.47999572753906,170.2899932861328,414.739990234375,185.08999633789062,189.88999938964844,171.33999633789062,415.3800048828125,182.1300048828125,186.92999267578125,167.91000366210938,411.79998779296875,184.89999389648438,189.16000366210938,169.69000244140625,412.94000244140625,50759500,34141800,18740500,13402300
2024-05-13,186.06463623046875,186.57000732421875,170.4813232421875,412.2320861816406,186.27999877929688,186.57000732421875,170.89999389648438,413.7200012207031,187.10000610351562,188.30999755859375,170.9499969482422,418.3500061035156,184.6199951171875,185.36000061035156,165.75999450683594,410.82000732421875,185.44000244140625,188.0,165.8470001220703,418.010009765625,72044800,24898600,19648600,15440200
2024-05-14,187.2133026123047,187.07000732421875,171.50880432128906,415.0618896484375,187.42999267578125,187.07000732421875,171.92999267578125,416.55999755859375,188.3000030517578,187.72000122070312,172.77999877929688,417.489990234375,186.2899932861328,183.4499969482422,170.4199981689453,411.54998779296875,187.50999450683594,183.82000732421875,171.58999633789062,412.0199890136719,52393600,38698200,18729500,15109300
2024-05-15,189.5006561279297,185.99000549316406,173.4540252685547,422.31878662109375,189.72000122070312,185.99000549316406,173.8800048828125,423.0799865722656,190.64999389648438,186.72000122070312,174.04600524902344,423.80999755859375,187.3699951171875,182.72999572753906,172.02999877929688,417.2699890136719,187.91000366210938,185.97000122070312,172.3000030517578,417.8999938964844,70400000,75459900,20958200,22239500
2024-05-16,189.62051391601562,183.6300048828125,175.00022888183594,420.2325744628906,189.83999633789062,183.6300048828125,175.42999267578125,420.989990234375,191.10000610351562,187.30999755859375,176.33999633789062,425.4200134277344,189.66000366210938,183.4600067138672,174.0500030517578,420.3500061035156,190.47000122070312,185.60000610351562,174.60000610351562,421.79998779296875,52845200,38834500,17247300,17530100
2024-05-17,189.65048217773438,184.6999969482422,176.8556671142578,419.4539489746094,189.8699951171875,184.6999969482422,177.2899932861328,420.2099914550781,190.80999755859375,185.3000030517578,177.4949951171875,422.9200134277344,189.17999267578125,183.35000610351562,174.97999572753906,418.0299987792969,189.50999450683594,183.75999450683594,175.5500030517578,422.5400085449219,41282900,33175700,16546400,15352200
2024-05-20,190.81912231445312,183.5399932861328,178.02281188964844,424.5747375488281,191.0399932861328,183.5399932861328,178.4600067138672,425.3399963378906,191.9199981689453,186.6699981689453,179.9499969482422,426.7699890136719,189.00999450683594,183.27999877929688,177.22500610351562,419.989990234375,189.3300018310547,184.33999633789062,177.30999755859375,420.2099914550781,44361300,30511800,17495100,16272100
2024-05-21,192.12762451171875,183.14999389648438,179.10015869140625,428.2680969238281,192.35000610351562,183.14999389648438,179.5399932861328,429.0400085449219,192.72999572753906,183.25999450683594,179.82000732421875,432.9700012207031,190.9199981689453,180.75,177.30999755859375,424.8500061035156,191.08999633789062,182.3000030517578,178.39999389648438,426.8299865722656,42309400,50839100,14706000,21453300
2024-05-22,190.67929077148438,183.1300048828125,177.56393432617188,429.74542236328125,190.89999389648438,183.1300048828125,178.0,430.5199890136719,192.82000732421875,185.22000122070312,178.8520050048828,432.4100036621094,190.27000427246094,181.97000122070312,176.77999877929688,427.1300048828125,192.27000427246094,183.8800048828125,178.39999389648438,430.0899963378906,34648500,28148800,16189400,18073700
2024-05-23,186.6639404296875,181.0500030517578,174.63113403320312,426.23175048828125,186.8800048828125,181.0500030517578,175.05999755859375,427.0,191.0,184.75999450683594,179.91000366210938,433.6000061035156,186.6300048828125,180.0800018310547,174.5399932861328,425.4200134277344,190.97999572753906,183.66000366210938,178.77999877929688,432.9700012207031,51005900,33670200,14928400,17211700
2024-05-24,189.76034545898438,180.75,175.8980255126953,429.3860778808594,189.97999572753906,180.75,176.3300018310547,430.1600036621094,190.5800018310547,182.44000244140625,177.3040008544922,431.05999755859375,188.0399932861328,180.3000030517578,175.1999969482422,424.4100036621094,188.82000732421875,181.64999389648438,176.52000427246094,427.19000244140625,36294600,27434100,11400600,11845800
2024-05-28,189.77035522460938,182.14999389648438,177.58389282226562,429.5457763671875,189.99000549316406,182.14999389648438,178.02000427246094,430.32000732421875,193.0,182.24000549316406,178.50999450683594,430.82000732421875,189.10000610351562,179.49000549316406,175.67999267578125,426.6000061035156,191.50999450683594,179.92999267578125,175.74000549316406,429.6300048828125,52280100,29927000,15655300,15718000
2024-05-29,190.0699920654297,182.02000427246094,176.96539306640625,428.3978576660156,190.2899932861328,182.02000427246094,177.39999389648438,429.1700134277344,192.25,184.0800018310547,178.22999572753906,430.94000244140625,189.50999450683594,181.5500030517578,176.25999450683594,425.69000244140625,189.61000061035156,181.6999969482422,176.80999755859375,425.69000244140625,53068000,32009300,15023800,15517100
2024-05-30,191.06883239746094,179.32000732421875,173.1348114013672,413.9239501953125,191.2899932861328,179.32000732421875,173.55999755859375,414.6700134277344,192.17999267578125,181.33999633789062,176.69000244140625,424.29998779296875,190.6300048828125,178.36000061035156,173.22999572753906,414.239990234375,190.75999450683594,181.30999755859375,176.69000244140625,424.29998779296875,49947900,29249200,18844000,28424800
2024-05-31,192.02772521972656,176.44000244140625,173.53382873535156,414.38311767578125,192.25,176.44000244140625,173.9600067138672,415.1300048828125,192.57000732421875,179.2100067138672,174.4199981689453,416.75,189.91000366210938,173.8699951171875,170.97000122070312,404.510009765625,191.44000244140625,178.3000030517578,173.39999389648438,416.75,75158300,58903900,28085200,47995300
2024-06-03,193.8056640625,178.33999633789062,173.99270629882812,412.7760009765625,194.02999877929688,178.33999633789062,174.4199981689453,413.5199890136719,194.99000549316406,178.6999969482422,175.86000061035156,416.42999267578125,192.52000427246094,175.9199981689453,172.4499969482422,408.9200134277344,192.89999389648438,177.6999969482422,173.8800048828125,415.5299987792969,50080500,30786600,20742800,17484700
2024-06-04,194.12530517578125,179.33999633789062,174.7009735107422,415.3214416503906,194.35000610351562,179.33999633789062,175.1300048828125,416.07000732421875,195.32000732421875,179.82000732421875,175.19000244140625,416.44000244140625,193.02999877929688,176.44000244140625,173.22000122070312,409.67999267578125,194.63999938964844,177.63999938964844,174.4499969482422,412.42999267578125,47471400,27198400,14066600,14348900
2024-06-05,195.64353942871094,181.27999877929688,176.63623046875,423.24713134765625,195.8699951171875,181.27999877929688,177.07000732421875,424.010009765625,196.89999389648438,181.5,177.97000122070312,424.0799865722656,194.8699951171875,178.75,175.2899932861328,416.29998779296875,195.39999389648438,180.10000610351562,176.53500366210938,417.80999755859375,54156800,32116400,15233900,16988000
2024-06-06,194.25514221191406,185.0,177.91307067871094,423.7561950683594,194.47999572753906,185.0,178.35000610351562,424.5199890136719,196.5,185.0,178.7100067138672,425.30999755859375,194.1699981689453,181.49000549316406,177.2100067138672,420.5799865722656,195.69000244140625,181.75,177.42999267578125,424.010009765625,41181800,31371200,14255800,14861300
2024-06-07,196.66236877441406,184.3000030517578,175.51895141601562,423.0874328613281,196.88999938964844,184.3000030517578,175.9499969482422,423.8500061035156,196.94000244140625,186.2899932861328,179.4199981689453,426.2799987792969,194.13999938964844,183.36000061035156,175.7899932861328,423.0,194.64999389648438,184.89999389648438,178.4600067138672,426.20001220703125,53103900,28021500,14716300,13621700
2024-06-10,192.89671325683594,187.05999755859375,176.39779663085938,427.1001892089844,193.1199951171875,187.05999755859375,176.6300048828125,427.8699951171875,197.3000030517578,187.22999572753906,178.47000122070312,428.0799865722656,192.14999389648438,183.7899932861328,174.3800048828125,423.8900146484375,196.89999389648438,184.07000732421875,176.4499969482422,424.70001220703125,97262100,34494500,17122200,14003000
2024-06-11,206.91049194335938,187.22999572753906,177.95574951171875,431.9015197753906,207.14999389648438,187.22999572753906,178.19000244140625,432.67999267578125,207.16000366210938,187.77000427246094,178.38999938964844,432.82000732421875,193.6300048828125,184.5399932861328,175.44000244140625,425.25,193.64999389648438,187.05999755859375,177.72000122070312,425.4800109863281,172373300,27265100,14402400,14551100
2024-06-12,212.82366943359375,186.88999938964844,179.32394409179688,440.2664489746094,213.07000732421875,186.88999938964844,179.55999755859375,441.05999755859375,220.1999969482422,188.35000610351562,182.0800018310547,443.3999938964844,206.89999389648438,185.42999267578125,177.77999877929688,433.25,207.3699951171875,188.02000427246094,179.75,435.32000732421875,198134300,33984200,18600400,22366200
2024-06-13,213.9923095703125,183.8300018310547,176.50765991210938,440.7855224609375,214.24000549316406,183.8300018310547,176.74000549316406,441.5799865722656,216.75,187.6699981689453,178.50999450683594,443.3900146484375,211.60000610351562,182.6699981689453,176.66000366210938,439.3699951171875,214.74000549316406,186.08999633789062,177.83999633789062,440.8500061035156,97862700,39721500,15956900,15960600
2024-06-14,212.2443389892578,183.66000366210938,178.135498046875,441.77374267578125,212.49000549316406,183.66000366210938,178.3699951171875,442.57000732421875,215.1699981689453,183.72000122070312,178.72999572753906,443.1400146484375,211.3000030517578,182.22999572753906,175.8520050048828,436.7200012207031,213.85000610351562,183.0800018310547,175.8520050048828,438.2799987792969,70122700,25456400,12361600,13582000
2024-06-17,216.41949462890625,184.05999755859375,178.5449676513672,447.56329345703125,216.6699981689453,184.05999755859375,178.77999877929688,448.3699951171875,218.9499969482422,185.0,179.9199981689453,450.94000244140625,212.72000122070312,181.22000122070312,176.49000549316406,440.7200012207031,213.3699951171875,182.52000427246094,176.97999572753906,442.5899963378906,93728300,35601900,15272900,20790000
2024-06-18,214.042236328125,182.80999755859375,176.21803283691406,445.5369567871094,214.2899932861328,182.80999755859375,176.4499969482422,446.3399963378906,218.6300048828125,184.2899932861328,178.91000366210938,450.1400146484375,213.0,181.42999267578125,175.6199951171875,444.8900146484375,217.58999633789062,183.74000549316406,178.7899932861328,449.7099914550781,79943300,36659200,15640300,17112500
2024-06-20,209.4375762939453,186.10000610351562,177.47637939453125,444.89813232421875,209.67999267578125,186.10000610351562,177.7100067138672,445.70001220703125,214.24000549316406,186.50999450683594,178.74000549316406,446.5299987792969,208.85000610351562,182.72000122070312,176.4600067138672,441.2699890136719,213.92999267578125,182.91000366210938,176.7100067138672,446.29998779296875,86172500,44726800,16753200,19877400
2024-06-21,207.2501220703125,189.0800018310547,180.02301025390625,448.97076416015625,207.49000549316406,189.0800018310547,180.25999450683594,449.7799987792969,211.88999938964844,189.27999877929688,182.51199340820312,450.5799865722656,207.11000061035156,185.86000061035156,178.05999755859375,446.510009765625,210.38999938964844,187.8000030517578,178.49000549316406,447.3800048828125,246421400,72931800,59728000,34486200
2024-06-24,207.89935302734375,185.57000732421875,180.5523223876953,446.8645935058594,208.13999938964844,185.57000732421875,180.7899932861328,447.6700134277344,212.6999969482422,191.0,182.0800018310547,452.75,206.58999633789062,185.3300018310547,180.22999572753906,446.4100036621094,207.72000122070312,189.3300018310547,181.27999877929688,449.79998779296875,80727000,50610400,18198300,15913700
2024-06-25,208.8282928466797,186.33999633789062,185.33602905273438,450.138671875,209.07000732421875,186.33999633789062,185.5800018310547,450.95001220703125,211.3800048828125,188.83999633789062,185.75,451.4200134277344,208.61000061035156,185.4199981689453,181.10499572753906,446.75,209.14999389648438,186.80999755859375,181.14500427246094,448.25,56713900,45898500,18917700,16747500
2024-06-26,213.00344848632812,193.61000061035156,185.1262969970703,451.34649658203125,213.25,193.61000061035156,185.3699951171875,452.1600036621094,214.86000061035156,194.8000030517578,185.92999267578125,453.6000061035156,210.63999938964844,186.25999450683594,183.99000549316406,448.19000244140625,211.5,186.9199981689453,184.1999969482422,449.0,66213200,65103900,13375700,16507000
2024-06-27,213.85247802734375,197.85000610351562,186.61434936523438,452.0352478027344,214.10000610351562,197.85000610351562,186.86000061035156,452.8500061035156,215.74000549316406,199.83999633789062,187.5,456.1700134277344,212.35000610351562,194.1999969482422,185.4499969482422,451.7699890136719,214.69000244140625,195.00999450683594,185.64500427246094,452.17999267578125,49772700,74397500,13025700,14806300
2024-06-28,210.37648010253906,193.25,183.17886352539062,446.1458740234375,210.6199951171875,193.25,183.4199981689453,446.95001220703125,216.07000732421875,198.85000610351562,186.5800018310547,455.3800048828125,210.3000030517578,192.5,183.3249969482422,446.4100036621094,215.77000427246094,197.72999572753906,185.72000122070312,453.07000732421875,82542700,76930200,23032400,28362300
2024-07-01,216.49940490722656,197.1999969482422,184.24746704101562,455.90826416015625,216.75,197.1999969482422,184.49000549316406,456.7300109863281,217.50999450683594,198.3000030517578,185.33999633789062,457.3699951171875,211.9199981689453,192.82000732421875,182.72999572753906,445.6600036621094,212.08999633789062,193.49000549316406,184.47999572753906,448.6600036621094,60402900,41192000,11815900,17662800
2024-07-02,220.0153350830078,200.0,186.3646697998047,458.45367431640625,220.27000427246094,200.0,186.61000061035156,459.2799987792969,220.3800048828125,200.42999267578125,186.9499969482422,459.5899963378906,215.10000610351562,195.92999267578125,183.05999755859375,453.1099853515625,216.14999389648438,197.27999877929688,183.47000122070312,453.20001220703125,58046200,45600000,12555500,13979800
2024-07-03,221.29385375976562,197.58999633789062,187.14364624023438,459.94097900390625,221.5500030517578,197.58999633789062,187.38999938964844,460.7699890136719,221.5500030517578,200.02999877929688,187.6199951171875,461.0199890136719,219.02999877929688,196.75999450683594,185.38499450683594,457.8800048828125,220.0,199.94000244140625,186.3000030517578,458.19000244140625,37369800,31597900,7409100,9932800
2024-07-05,226.07830810546875,200.0,191.7076416015625,466.7187805175781,226.33999633789062,200.0,191.9600067138672,467.55999755859375,226.4499969482422,200.5500030517578,192.25999450683594,468.3500061035156,221.64999389648438,198.1699981689453,187.32000732421875,458.9700012207031,221.64999389648438,198.64999389648438,187.32000732421875,459.6099853515625,60412400,39858900,14303400,16000300
2024-07-08,227.55661010742188,199.2899932861328,190.22958374023438,465.4011535644531,227.82000732421875,199.2899932861328,190.47999572753906,466.239990234375,227.85000610351562,201.1999969482422,191.6790008544922,467.70001220703125,223.25,197.9600067138672,189.32000732421875,464.4599914550781,227.08999633789062,200.0399932861328,191.36500549316406,466.54998779296875,59085900,34767300,12097600,12962300
2024-07-09,228.4156036376953,199.33999633789062,190.18963623046875,458.7132263183594,228.67999267578125,199.33999633789062,190.44000244140625,459.5400085449219,229.39999389648438,200.57000732421875,192.86000061035156,467.3299865722656,226.3699951171875,199.0500030517578,190.22999572753906,458.0,227.92999267578125,199.39999389648438,191.75,467.0,48076100,32700100,10198500,17207200
2024-07-10,232.71063232421875,199.7899932861328,192.40672302246094,465.4111328125,232.97999572753906,199.7899932861328,192.66000366210938,466.25,233.0800018310547,200.11000061035156,193.30999755859375,466.4599914550781,229.25,197.69000244140625,190.6199951171875,458.8599853515625,229.3000030517578,200.0,190.75,461.2200012207031,62627700,32883800,12052900,18196100
2024-07-11,227.30690002441406,195.0500030517578,187.05377197265625,453.8819274902344,227.57000732421875,195.0500030517578,187.3000030517578,454.70001220703125,232.38999938964844,200.27000427246094,192.41000366210938,464.7799987792969,225.77000427246094,192.86000061035156,186.82000732421875,451.54998779296875,231.38999938964844,200.08999633789062,191.33999633789062,462.9800109863281,64710600,44565000,16452000,23111200
2024-07-12,230.27345275878906,194.49000549316406,186.53445434570312,452.7339782714844,230.5399932861328,194.49000549316406,186.77999877929688,453.54998779296875,232.63999938964844,196.47000122070312,188.69000244140625,456.3599853515625,228.67999267578125,193.8300018310547,186.13999938964844,450.6499938964844,228.9199981689453,194.8000030517578,186.9199981689453,454.3299865722656,53046500,30598500,14449100,16324300
2024-07-15,234.12899780273438,192.72000122070312,187.94259643554688,453.14324951171875,234.39999389648438,192.72000122070312,188.19000244140625,453.9599914550781,237.22999572753906,196.19000244140625,189.89999389648438,457.260009765625,233.08999633789062,190.8300018310547,186.49000549316406,451.42999267578125,236.47999572753906,194.55999755859375,186.49000549316406,453.29998779296875,62631300,40683200,12186000,14429400
2024-07-16,234.54852294921875,193.02000427246094,185.25613403320312,448.71124267578125,234.82000732421875,193.02000427246094,185.5,449.5199890136719,236.27000427246094,196.6199951171875,190.33999633789062,454.29998779296875,232.3300018310547,192.24000549316406,185.1199951171875,446.6600036621094,235.0,195.58999633789062,188.9600067138672,454.2200012207031,43234300,33994700,12760100,17175700
2024-07-17,228.61538696289062,187.92999267578125,182.37991333007812,442.7220153808594,228.8800048828125,187.92999267578125,182.6199951171875,443.5199890136719,231.4600067138672,191.5800018310547,185.22999572753906,444.8500061035156,226.63999938964844,185.99000549316406,181.6199951171875,439.17999267578125,229.4499969482422,191.35000610351562,184.67999267578125,442.5899963378906,57345900,48076100,17376600,21778000
2024-07-18,223.92080688476562,183.75,178.98439025878906,439.57769775390625,224.17999267578125,183.75,179.22000122070312,440.3699951171875,230.44000244140625,189.67999267578125,184.0500030517578,444.6499938964844,222.27000427246094,181.4499969482422,178.2100067138672,434.3999938964844,230.27999877929688,189.58999633789062,183.5399932861328,444.3399963378906,66034600,51043600,17877200,20794800
2024-07-19,224.0506591796875,183.1300048828125,179.15415954589844,436.32354736328125,224.30999755859375,183.1300048828125,179.38999938964844,437.1099853515625,226.8000030517578,184.92999267578125,181.97000122070312,441.1400146484375,223.27999877929688,180.11000061035156,178.86000061035156,432.0,224.82000732421875,181.13999938964844,180.3699951171875,433.1000061035156,49151500,43081800,14485900,20940400
2024-07-22,223.70108032226562,182.5500030517578,183.1089630126953,442.14306640625,223.9600067138672,182.5500030517578,183.35000610351562,442.94000244140625,227.77999877929688,185.05999755859375,184.3000030517578,444.6000061035156,223.08999633789062,182.47999572753906,181.89999389648438,438.9100036621094,227.00999450683594,185.0,182.35000610351562,441.7900085449219,48201800,39931900,16303900,15808800
2024-07-23,224.74984741210938,186.41000366210938,183.358642578125,444.0496520996094,225.00999450683594,186.41000366210938,183.60000610351562,444.8500061035156,226.94000244140625,189.38999938964844,185.22000122070312,448.3900146484375,222.67999267578125,183.55999755859375,183.3300018310547,443.1000061035156,224.3699951171875,184.10000610351562,183.83999633789062,443.8999938964844,39960300,47537700,23772600,13107100
2024-07-24,218.28732299804688,180.8300018310547,174.14076232910156,428.1283264160156,218.5399932861328,180.8300018310547,174.3699951171875,428.8999938964844,224.8000030517578,185.4499969482422,177.9499969482422,441.4800109863281,217.1300048828125,180.41000366210938,173.57000732421875,427.5899963378906,224.0,183.1999969482422,175.38999938964844,440.45001220703125,61777600,41532400,31250700,26805800
2024-07-25,217.23855590820312,179.85000610351562,168.9376220703125,417.647216796875,217.49000549316406,179.85000610351562,169.16000366210938,418.3999938964844,220.85000610351562,183.89999389648438,175.1999969482422,429.79998779296875,214.6199951171875,176.8000030517578,169.0500030517578,417.510009765625,218.92999267578125,182.91000366210938,174.25,428.79998779296875,51391200,44464200,28967900,29943800
2024-07-26,217.7080078125,182.5,168.45823669433594,424.5048522949219,217.9600067138672,182.5,168.67999267578125,425.2699890136719,219.49000549316406,183.19000244140625,169.83999633789062,428.9200134277344,216.00999450683594,180.24000549316406,165.86500549316406,417.2699890136719,218.6999969482422,180.38999938964844,168.77000427246094,418.20001220703125,41601300,29506000,25150100,23583800
2024-07-29,217.98768615722656,183.1999969482422,170.905029296875,425.9622497558594,218.24000549316406,183.1999969482422,171.1300048828125,426.7300109863281,219.3000030517578,184.75,172.16000366210938,432.1499938964844,215.75,182.3800048828125,169.72000122070312,424.70001220703125,216.9600067138672,183.83999633789062,170.5,431.5799865722656,36311800,33270100,13768900,15125800
2024-07-30,218.5470428466797,181.7100067138672,171.63406372070312,422.15911865234375,218.8000030517578,181.7100067138672,171.86000061035156,422.9200134277344,220.3300018310547,185.86000061035156,172.9499969482422,429.04998779296875,216.1199951171875,179.3800048828125,170.1199951171875,417.3599853515625,219.19000244140625,184.72000122070312,171.8300018310547,427.7200012207031,41643800,39508600,13681400,32687600
2024-07-31,221.8232421875,186.97999572753906,172.92236328125,417.5973205566406,222.0800018310547,186.97999572753906,173.14999389648438,418.3500061035156,223.82000732421875,187.94000244140625,175.91000366210938,421.7799987792969,220.6300048828125,184.4600067138672,171.72000122070312,412.2099914550781,221.44000244140625,185.0500030517578,174.9199981689453,420.5,50036300,41667300,15650200,42891400
2024-08-01,218.1075439453125,184.07000732421875,172.22328186035156,416.3595275878906,218.36000061035156,184.07000732421875,172.4499969482422,417.1099853515625,224.47999572753906,190.60000610351562,175.67999267578125,427.4599914550781,217.02000427246094,181.8699951171875,170.50999450683594,413.0899963378906,224.3699951171875,189.2899932861328,171.97999572753906,420.7900085449219,62501000,70435600,17177800,30296400
2024-08-02,219.60580444335938,167.89999389648438,168.17860412597656,407.7550354003906,219.86000061035156,167.89999389648438,168.39999389648438,408.489990234375,225.60000610351562,168.77000427246094,170.2100067138672,415.0,217.7100067138672,160.5500030517578,166.38999938964844,404.3399963378906,219.14999389648438,166.75,168.19000244140625,412.489990234375,105568600,141448400,18907800,29437900
2024-08-05,209.02806091308594,161.02000427246094,160.42881774902344,394.4390563964844,209.27000427246094,161.02000427246094,160.63999938964844,395.1499938964844,213.5,162.9600067138672,165.94000244140625,401.0400085449219,196.0,151.61000061035156,156.60000610351562,385.5799865722656,199.08999633789062,154.2100067138672,157.3699951171875,389.1700134277344,119548600,83149400,34907800,40709200
2024-08-06,206.9904022216797,161.92999267578125,160.3289337158203,398.8910217285156,207.22999572753906,161.92999267578125,160.5399932861328,399.6099853515625,209.99000549316406,165.0800018310547,162.35000610351562,405.6700134277344,201.07000732421875,158.5399932861328,158.1300048828125,398.5,205.3000030517578,161.7100067138672,160.94500732421875,400.0,69660500,59950800,36146500,24946500
2024-08-07,209.57742309570312,162.77000427246094,160.53866577148438,397.7131652832031,209.82000732421875,162.77000427246094,160.75,398.42999267578125,213.63999938964844,167.5800018310547,164.7899932861328,410.0799865722656,206.38999938964844,161.42999267578125,160.24000549316406,397.4700012207031,206.89999389648438,166.5500030517578,163.24000549316406,408.6400146484375,63516400,48408200,19334200,20650900
2024-08-08,213.06338500976562,165.8000030517578,163.62460327148438,401.9654846191406,213.30999755859375,165.8000030517578,163.83999633789062,402.69000244140625,214.1999969482422,166.69000244140625,165.5,405.8599853515625,208.8300018310547,162.5500030517578,162.02999877929688,399.94000244140625,213.11000061035156,165.1699981689453,162.343994140625,402.44000244140625,47161100,44616200,15733600,20203000
2024-08-09,215.99000549316406,166.94000244140625,165.17257690429688,405.28948974609375,216.24000549316406,166.94000244140625,165.38999938964844,406.0199890136719,216.77999877929688,168.5500030517578,165.52000427246094,408.04998779296875,211.97000122070312,165.85000610351562,160.92999267578125,402.260009765625,212.10000610351562,166.39999389648438,161.64500427246094,404.0299987792969,42201600,36401000,13549200,19276700
2024-08-12,217.52999877929688,166.8000030517578,163.73446655273438,406.07806396484375,217.52999877929688,166.8000030517578,163.9499969482422,406.80999755859375,219.50999450683594,168.5500030517578,166.6999969482422,408.760009765625,215.60000610351562,166.11000061035156,163.5500030517578,404.239990234375,216.07000732421875,168.13999938964844,165.9949951171875,407.05999755859375,38028100,30072800,12435000,16762900
2024-08-13,221.27000427246094,170.22999572753906,165.71185302734375,413.26513671875,221.27000427246094,170.22999572753906,165.92999267578125,414.010009765625,221.88999938964844,171.0399932861328,166.5399932861328,414.95001220703125,219.00999450683594,167.10000610351562,164.77000427246094,409.57000732421875,219.00999450683594,167.80999755859375,165.18499755859375,409.5899963378906,44155300,39237900,12717600,19414300
2024-08-14,221.72000122070312,170.10000610351562,161.81698608398438,416.1099853515625,221.72000122070312,170.10000610351562,162.02999877929688,416.8599853515625,223.02999877929688,172.27999877929688,164.9600067138672,417.7200012207031,219.6999969482422,168.86000061035156,159.52999877929688,412.45001220703125,220.57000732421875,172.11000061035156,164.2100067138672,414.79998779296875,41960600,28843800,22515900,18267000
2024-08-15,224.72000122070312,177.58999633789062,162.9554901123047,421.0299987792969,224.72000122070312,177.58999633789062,163.1699981689453,421.0299987792969,225.35000610351562,177.91000366210938,163.52000427246094,421.1099853515625,222.75999450683594,173.99000549316406,161.49000549316406,417.6600036621094,224.60000610351562,174.86000061035156,162.2100067138672,419.79998779296875,46414000,51698500,18392500,20752100
2024-08-16,226.0500030517578,177.05999755859375,164.5234375,418.4700012207031,226.0500030517578,177.05999755859375,164.74000549316406,418.4700012207031,226.8300018310547,178.33999633789062,166.9499969482422,421.3399963378906,223.64999389648438,176.25999450683594,163.0800018310547,417.29998779296875,223.9199981689453,177.0399932861328,163.41000366210938,420.6000061035156,44340200,31489200,16853100,22775600
2024-08-19,225.88999938964844,178.22000122070312,168.17860412597656,421.5299987792969,225.88999938964844,178.22000122070312,168.39999389648438,421.5299987792969,225.99000549316406,178.3000030517578,168.47000122070312,421.75,223.0399932861328,176.16000366210938,166.08999633789062,416.4599914550781,225.72000122070312,177.63999938964844,167.0,418.9599914550781,40687800,31129800,13100800,15234000
2024-08-20,226.50999450683594,178.8800048828125,168.73788452148438,424.79998779296875,226.50999450683594,178.8800048828125,168.9600067138672,424.79998779296875,227.1699981689453,179.00999450683594,170.41000366210938,425.8599853515625,225.4499969482422,177.42999267578125,168.66000366210938,421.6400146484375,225.77000427246094,177.9199981689453,168.74000549316406,421.70001220703125,30299000,26255200,12622500,16387600
2024-08-21,226.39999389648438,180.11000061035156,167.40963745117188,424.1400146484375,226.39999389648438,180.11000061035156,167.6300048828125,424.1400146484375,227.97999572753906,182.38999938964844,168.63999938964844,426.3999938964844,225.0500030517578,178.88999938964844,166.57000732421875,421.7200012207031,226.52000427246094,179.9199981689453,166.99000549316406,424.0799865722656,34765500,35599100,15269600,16067300
2024-08-22,224.52999877929688,176.1300048828125,165.27244567871094,415.54998779296875,224.52999877929688,176.1300048828125,165.49000549316406,415.54998779296875,228.33999633789062,181.47000122070312,169.4199981689453,426.7900085449219,223.89999389648438,175.67999267578125,165.02999877929688,414.6099853515625,227.7899932861328,181.3800048828125,169.0399932861328,424.3599853515625,43695300,32047500,19123800,19361900
2024-08-23,226.83999633789062,177.0399932861328,167.2098846435547,416.7900085449219,226.83999633789062,177.0399932861328,167.42999267578125,416.7900085449219,228.22000122070312,178.97000122070312,167.9499969482422,419.260009765625,224.3300018310547,175.24000549316406,165.66000366210938,412.0899963378906,225.66000366210938,177.33999633789062,166.5500030517578,416.9800109863281,38677300,29150100,14281600,18493800
2024-08-26,227.17999267578125,175.5,167.709228515625,413.489990234375,227.17999267578125,175.5,167.92999267578125,413.489990234375,227.27999877929688,177.47000122070312,169.3800048828125,417.2799987792969,223.88999938964844,174.3000030517578,166.32000732421875,411.3399963378906,226.75999450683594,176.6999969482422,168.15499877929688,416.3699951171875,30602200,22366200,11990300,13152800
2024-08-27,228.02999877929688,173.1199951171875,166.16127014160156,413.8399963378906,228.02999877929688,173.1199951171875,166.3800048828125,413.8399963378906,228.85000610351562,174.88999938964844,168.2449951171875,414.3599853515625,224.88999938964844,172.25,166.16000366210938,410.25,226.0,174.14999389648438,167.61000061035156,412.8599853515625,35934600,29842000,13718200,13492900
2024-08-28,226.49000549316406,170.8000030517578,164.2837371826172,410.6000061035156,226.49000549316406,170.8000030517578,164.5,410.6000061035156,229.86000061035156,173.69000244140625,167.38999938964844,415.0,225.67999267578125,168.9199981689453,163.27999877929688,407.30999755859375,227.9199981689453,173.69000244140625,166.77999877929688,414.8800048828125,38052200,29045000,15208700,14882700
2024-08-29,229.7899932861328,172.1199951171875,163.1851806640625,413.1199951171875,229.7899932861328,172.1199951171875,163.39999389648438,413.1199951171875,232.9199981689453,174.2899932861328,167.6300048828125,422.04998779296875,228.8800048828125,170.80999755859375,161.98199462890625,410.6000061035156,230.10000610351562,173.22000122070312,166.05999755859375,414.94000244140625,51906300,26407800,17133800,17045200
2024-08-30,229.0,178.5,164.8929443359375,417.1400146484375,229.0,178.5,165.11000061035156,417.1400146484375,230.39999389648438,178.89999389648438,165.27999877929688,417.489990234375,227.47999572753906,172.60000610351562,163.41000366210938,412.1300048828125,230.19000244140625,172.77999877929688,164.22000122070312,415.6000061035156,52990800,43429400,18498800,24308300
2024-09-03,222.77000427246094,176.25,158.4014892578125,409.44000244140625,222.77000427246094,176.25,158.61000061035156,409.44000244140625,229.0,178.25999450683594,163.3800048828125,419.8800048828125,221.1699981689453,175.25999450683594,157.85499572753906,407.0299987792969,228.5500030517578,177.5500030517578,163.31500244140625,417.9100036621094,50190600,37817500,26533100,20313600
2024-09-04,220.85000610351562,173.3300018310547,157.6025390625,408.8999938964844,220.85000610351562,173.3300018310547,157.80999755859375,408.8999938964844,221.77999877929688,175.97999572753906,160.39999389648438,411.239990234375,217.47999572753906,172.5399932861328,157.44000244140625,404.3699951171875,221.66000366210938,174.47999572753906,158.0749969482422,405.9100036621094,43840200,30309200,17410700,15135800
2024-09-05,222.3800048828125,177.88999938964844,158.39151000976562,408.3900146484375,222.3800048828125,177.88999938964844,158.60000610351562,408.3900146484375,225.47999572753906,179.8800048828125,161.01499938964844,413.1000061035156,221.52000427246094,175.0,157.52000427246094,406.1300048828125,221.6300048828125,175.0,157.77999877929688,407.6199951171875,36615400,40170500,14139500,14195500
2024-09-06,220.82000732421875,171.38999938964844,151.9300079345703,401.70001220703125,220.82000732421875,171.38999938964844,152.1300048828125,401.70001220703125,225.24000549316406,178.3800048828125,159.22000122070312,410.6499938964844,219.77000427246094,171.16000366210938,151.93499755859375,400.79998779296875,223.9499969482422,177.24000549316406,158.69000244140625,409.05999755859375,48423000,41466500,24999100,19609500
2024-09-09,220.91000366210938,175.39999389648438,149.5399932861328,405.7200012207031,220.91000366210938,175.39999389648438,149.5399932861328,405.7200012207031,221.27000427246094,175.85000610351562,154.63999938964844,408.6499938964844,216.7100067138672,173.50999450683594,148.1999969482422,402.1499938964844,220.82000732421875,174.52999877929688,153.6300048828125,407.239990234375,67180000,29037400,28057700,15295100
2024-09-10,220.11000061035156,179.5500030517578,150.00999450683594,414.20001220703125,220.11000061035156,179.5500030517578,150.00999450683594,414.20001220703125,221.47999572753906,180.5,152.3000030517578,416.3299865722656,216.72999572753906,176.7899932861328,149.54299926757812,407.70001220703125,218.9199981689453,177.49000549316406,151.4499969482422,408.20001220703125,51591000,36233800,20401800,19594300
2024-09-11,222.66000366210938,184.52000427246094,152.14999389648438,423.0400085449219,222.66000366210938,184.52000427246094,152.14999389648438,423.0400085449219,223.08999633789062,184.99000549316406,152.47999572753906,423.989990234375,217.88999938964844,175.72999572753906,148.6999969482422,409.5799865722656,221.4600067138672,180.10000610351562,151.08999633789062,415.5,44587100,42564700,18991500,19266900
2024-09-12,222.77000427246094,187.0,155.5399932861328,427.0,222.77000427246094,187.0,155.5399932861328,427.0,223.5500030517578,187.41000366210938,155.61000061035156,427.3699951171875,219.82000732421875,183.5399932861328,153.5,419.75,222.5,184.8000030517578,154.80999755859375,423.30999755859375,37498200,33622500,21024100,17418800
2024-09-13,222.5,186.49000549316406,158.3699951171875,430.5899963378906,222.5,186.49000549316406,158.3699951171875,430.5899963378906,224.0399932861328,188.5,159.27499389648438,431.8299865722656,221.91000366210938,185.91000366210938,156.11000061035156,425.4599914550781,223.5800018310547,187.0,156.36199951171875,425.8299865722656,36766600,26495400,16733900,15874600
2024-09-16,216.32000732421875,184.88999938964844,158.99000549316406,431.3399963378906,216.32000732421875,184.88999938964844,158.99000549316406,431.3399963378906,217.22000122070312,185.80999755859375,159.24000549316406,433.5299987792969,213.9199981689453,183.36000061035156,157.61000061035156,428.2200012207031,216.5399932861328,185.2899932861328,158.3300018310547,430.6000061035156,59357400,26065500,14157600,13834700
2024-09-17,216.7899932861328,186.8800048828125,160.27999877929688,435.1499938964844,216.7899932861328,186.8800048828125,160.27999877929688,435.1499938964844,216.89999389648438,189.4499969482422,161.58999633789062,441.8500061035156,214.5,186.13999938964844,159.41000366210938,432.2699890136719,215.75,186.85000610351562,160.08999633789062,440.2300109863281,45519300,26091700,12064800,18874200
2024-09-18,220.69000244140625,186.42999267578125,160.80999755859375,430.80999755859375,220.69000244140625,186.42999267578125,160.80999755859375,430.80999755859375,222.7100067138672,188.8000030517578,161.6300048828125,436.0299987792969,217.5399932861328,185.05999755859375,159.66000366210938,430.4100036621094,217.5500030517578,186.4499969482422,160.85000610351562,435.0,59894900,34448100,16756500,18898000
2024-09-19,228.8699951171875,189.8699951171875,163.24000549316406,438.69000244140625,228.8699951171875,189.8699951171875,163.24000549316406,438.69000244140625,229.82000732421875,190.99000549316406,164.99000549316406,441.5,224.6300048828125,188.47000122070312,162.52200317382812,436.8999938964844,224.99000549316406,190.0399932861328,164.82000732421875,441.2300109863281,66781300,39543200,17548200,21706600
2024-09-20,228.1999969482422,191.60000610351562,164.63999938964844,435.2699890136719,228.1999969482422,191.60000610351562,164.63999938964844,435.2699890136719,233.08999633789062,191.83999633789062,164.75,439.239990234375,227.6199951171875,187.41000366210938,163.17999267578125,434.2200012207031,229.97000122070312,190.22999572753906,164.52000427246094,437.2200012207031,318679900,100378600,46362700,55167100
2024-09-23,226.47000122070312,193.8800048828125,163.07000732421875,433.510009765625,226.47000122070312,193.8800048828125,163.07000732421875,433.510009765625,229.4499969482422,194.4499969482422,166.61000061035156,436.4599914550781,225.80999755859375,190.57000732421875,162.9499969482422,430.3900146484375,227.33999633789062,191.63999938964844,165.33999633789062,434.2799987792969,54146000,36993100,15648400,15128900
2024-09-24,227.3699951171875,193.9600067138672,163.63999938964844,429.1700134277344,227.3699951171875,193.9600067138672,163.63999938964844,429.1700134277344,229.35000610351562,195.3699951171875,164.5500030517578,433.3500061035156,225.72999572753906,190.1300048828125,162.02999877929688,426.1000061035156,228.64999389648438,194.27000427246094,164.25,433.0,43556100,43478900,18774100,17015800
2024-09-25,226.3699951171875,192.52999877929688,162.99000549316406,432.1099853515625,226.3699951171875,192.52999877929688,162.99000549316406,432.1099853515625,227.2899932861328,193.9499969482422,164.2169952392578,433.1199951171875,224.02000427246094,192.16000366210938,162.77499389648438,428.57000732421875,224.92999267578125,193.75,162.97000122070312,429.8299865722656,42308700,26391100,13607900,13396400
2024-09-26,227.52000427246094,191.16000366210938,163.8300018310547,431.30999755859375,227.52000427246094,191.16000366210938,163.8300018310547,431.30999755859375,228.5,194.52999877929688,165.5,435.29998779296875,225.41000366210938,189.5399932861328,163.5,429.1300048828125,227.3000030517578,194.30999755859375,165.02999877929688,435.0899963378906,36636700,36334900,18234500,14492000
2024-09-27,227.7899932861328,187.97000122070312,165.2899932861328,428.0199890136719,227.7899932861328,187.97000122070312,165.2899932861328,428.0199890136719,229.52000427246094,190.89999389648438,166.97000122070312,431.8500061035156,227.3000030517578,187.33999633789062,163.8300018310547,427.4700012207031,228.4600067138672,190.67999267578125,163.91000366210938,431.5199890136719,33993600,35964900,13593000,14888600
